union_chann_cn,puin,vv,zan_cnt,shoucang_cnt,share_cnt,f_fans_cnt,youzhi_cnt
旅游,1001003144885,2062062,18081,49,112,144,0
旅游,1525007385,293849,10125,296,242,697,0
旅游,3432338501,207323,2809,16,62,898,0
旅游,1048085684,380270,5755,74,253,93,0
旅游,1743669696,6728711,71625,2202,1899,428,0
旅游,2470646010,214030,2447,24,116,17352,0
旅游,1810116875,7181044,253886,4629,4830,1464,1
旅游,2799503143,258904,2502,21,83,116,0
旅游,3142976312,4289454,83777,1860,849,2595,0
旅游,702233938,95420,1002,4,19,440,0
旅游,1486453795,1229664,9702,14,94,6135,0
旅游,1001000028910,865741,3084,3,122,333,0
旅游,1756727813,212209,1425,2,4,16,0
旅游,1721641053,82881,664,6,5,31,0
旅游,1001001817670,167115,3966,82,137,45,0
旅游,1744737576,892942,9898,35,54,103,0
旅游,2753553872,11880007,81862,211,704,8495,0
旅游,2981746389,66345,441,2,8,6816,0
旅游,3426532885,2660906,134043,2305,5351,5102,0
旅游,1524463810,74030,733,2,23,3352,3
旅游,1418594143,30717468,248983,1658,2216,12074,0
旅游,1991729283,71242,904,4,68,197,0
旅游,2157661252,131817,5209,251,182,2791,4
旅游,1364755434,14204523,173269,1260,1842,2552,5
旅游,1500971470,9074652,75201,421,713,1032,2
旅游,1512956894,3708536,28254,37,160,1804,0
旅游,3522260753,5213846,48232,207,1218,1004,0
旅游,1001002888691,155549,3207,22,70,853,0
旅游,3345463653,123328,1498,4,38,661,1
旅游,3435192581,993201,10699,59,150,157,0
旅游,1727547049,8950045,169520,4291,5401,1272,0
旅游,1829988753,89498,1432,24,74,8342,0
旅游,1635921962,1069559,10135,201,533,560,0
旅游,1941158417,203484,1388,6,20,24788,3
旅游,2515037584,64126,1156,61,295,1355,0
旅游,1001004275168,2983805,43399,215,541,306,0
旅游,320006389,5098929,64986,187,317,1207,2
旅游,3191752489,105303,783,0,9,7177,2
旅游,3280914044,69579,437,9,29,203,0
旅游,1819058668,2571999,38635,1229,4583,278,0
旅游,2497089436,192142,3822,92,293,816,0
旅游,1787680340,292942,6851,143,148,87,0
旅游,3595697263,649930,14882,100,139,0,0
旅游,1729481297,324594,7105,88,234,61,0
旅游,1787617871,67870,427,0,15,33,0
旅游,3261436283,73224,350,1,13,4463,0
旅游,3595108194,187685,3448,117,129,106,0
旅游,1227694922,276966,7407,55,95,236,0
旅游,1453116937,257914,2810,7,55,3664,2
旅游,193441897,817609,15621,585,1974,932,0
旅游,1534453315,167989,1699,2,10,2556,0
旅游,2757286616,147900,3385,38,50,539,0
旅游,3519210258,237205,6993,135,411,1726,0
旅游,1745721694,2263518,56473,508,811,243,0
旅游,1960274992,903376,7404,26,100,2787,4
旅游,2518753877,657811,7717,68,148,5947,1
旅游,1001003083525,13120121,172024,789,1478,1335,0
旅游,1001003491238,294813,2918,41,59,33,0
旅游,1009785962,5139542,57218,343,604,8131,34
旅游,1718539561,1605429,19429,451,1144,5556,0
旅游,1798738290,262063,2682,8,20,30,0
旅游,3544524398,405448,7207,133,409,105,0
旅游,1001002782712,1489081,22233,37,98,125,0
旅游,1760696488,15643260,168691,1806,1797,2052,0
旅游,256768996,493325,11182,118,99,186,0
旅游,1538707537,64305,1838,105,172,128,0
旅游,1562039439,875503,7645,57,273,477,0
旅游,1753771726,66667,1305,28,60,67,0
旅游,1784573878,528844,3162,11,21,140,0
旅游,1001003490823,127012,3081,91,90,86,0
旅游,1076692504,1644800,18782,68,150,15268,0
旅游,1378313357,9578661,175806,3783,4596,18798,0
旅游,3344851401,411683,2660,7,14,479,0
旅游,1541607055,1143142,12464,14,50,1076,0
旅游,1244544692,20796990,223874,2149,5736,2667,0
旅游,1770757993,1838306,16030,29,85,1235,0
旅游,1502987907,121004,818,3,27,2150,0
旅游,431381531,592344,4608,90,80,68,0
旅游,702395827,6558797,51368,311,503,6257,0
旅游,1001002645015,1471961,18354,246,608,4418,0
旅游,1410247960,68340,1965,36,50,146,2
旅游,1001003490571,161313,2049,42,71,746,0
旅游,3302887009,433812,1054,5,98,50,0
旅游,3325918360,755555,9182,197,773,5631,0
旅游,1001003769538,85110,612,1,17,16,0
旅游,1489521994,116390,1345,17,37,1412,0
旅游,2863003695,125130,1602,16,15,307,1
旅游,1001000938372,82150,430,12,23,41,0
旅游,1001003048913,2254976,40373,277,197,297,1
旅游,1160467904,826381,15858,297,535,4012,3
旅游,1552596578,3905330,44819,249,805,3019,0
旅游,2464063601,8042287,91504,1757,1058,7643,0
旅游,2518558418,322332,5824,25,38,3456,0
旅游,1001003703380,500845,11641,210,397,88,0
旅游,1001004272726,7071302,96198,1956,1489,1532,0
旅游,2491451582,549929,6285,71,69,6201,27
旅游,3228125737,568077,9962,39,85,80989,0
旅游,1001002864264,984106,9917,43,51,59,0
旅游,1001003047179,90519,778,8,40,14,0
旅游,3622909919,261598,2510,58,155,2577,0
旅游,1001004136730,10812283,68206,173,355,425,0
旅游,2497280084,318221,3586,9,32,2611,0
旅游,3516137623,289044,2067,2,31,37,0
旅游,292377124,1921464,32894,578,2184,235,0
旅游,1001004054365,155574,1915,26,81,22,0
旅游,1537196445,1291682,30276,191,162,347,1
旅游,1794722878,397170,10604,262,779,636,0
旅游,3143765766,4208135,89317,1548,2225,5319,0
旅游,3576259669,349633,3045,73,85,423,0
旅游,1001001283429,145851,2545,170,277,25,0
旅游,1001001965836,1864020,27165,275,794,5538,2
旅游,3125691936,419838,5226,16,41,18699,1
旅游,1001000080129,70596,939,17,21,26924,53
旅游,273697082,92113,1631,35,131,26,0
旅游,1794569662,88214,1043,15,12,255,0
旅游,1841372754,491280,4048,22,79,100,0
旅游,3496203686,368559,3352,4,66,1279,0
旅游,1510899739,116255,1594,19,50,30,1
旅游,1779038629,659848,19589,265,361,4706,1
旅游,3026665747,67379,940,49,134,1569,0
旅游,1101216022,242196,3082,68,157,27,0
旅游,2259552894,83738,632,16,40,12839,0
旅游,166235976,2145266,20995,30,87,580,1
旅游,1701371901,215734,3542,51,97,29,0
旅游,2503608215,2042037,61130,869,1146,5468,0
旅游,1001002835953,163028,1256,33,42,67,0
旅游,198620073,1617263,27391,217,177,1460,0
旅游,2125683244,27601267,336720,10181,19605,13664,1
旅游,208183071,198180,2560,12,72,567,0
旅游,723844307,2824040,22561,86,374,889,0
旅游,1472165655,1916993,19754,70,212,3594,0
旅游,1651240751,103655,1641,5,37,121,0
旅游,972979925,63762,1133,24,46,2127,0
旅游,1740629905,592101,7299,34,69,80,0
旅游,3241392736,397965,6304,130,264,24,0
旅游,1001004037360,3383533,37911,220,1492,247,0
旅游,2010845348,235106,3329,53,106,61895,0
旅游,3512181626,673525,7156,51,86,93,0
旅游,1135517850,359017,3840,25,61,257,0
旅游,1720730167,1091000,12456,38,102,716,0
旅游,3513285306,16892505,392572,5531,4800,11275,0
旅游,1922397781,200608,2943,126,340,26,0
旅游,1001000138893,4357208,48858,208,652,331,0
旅游,594988183,316073,4425,20,44,2639,0
旅游,1850398494,509397,2707,10,174,712,0
旅游,2466853056,113829,1418,26,87,6499,0
旅游,3430740193,571060,4011,18,58,2583,0
旅游,1761744390,14287788,252089,4127,2419,2027,1
旅游,1929823879,177830,1224,1,26,1908,0
旅游,3062471818,10813694,135180,2701,1806,31040,0
旅游,1844546492,107049,1109,71,212,369,0
旅游,2210606202,575995,4234,31,47,4240,3
旅游,3511377541,174874,4554,79,131,1680,2
旅游,1696988631,503069,4195,13,46,13558,0
旅游,3154751198,313178,10906,220,1131,2773,0
旅游,3477367002,107677,1238,11,57,13258,2
旅游,1001005282090,114562,2998,34,44,56,1
旅游,3600385755,624876,7957,236,280,109,0
旅游,1491653833,1071589,8635,20,69,7129,0
旅游,3414136421,1062956,45053,693,1131,9511,0
旅游,3468308007,566934,8341,44,50,390,0
旅游,1540886949,601920,4276,42,65,5465,4
旅游,1001004113247,1022853,19217,469,1131,101,0
旅游,729610743,1593437,22014,78,140,229,0
旅游,1710554425,76635,2005,64,102,2900,0
旅游,2972449460,78680,1387,55,127,26,0
旅游,3136487744,92524,591,3,9,4371,0
旅游,1356459593,276775,2124,7,36,5766,0
旅游,1509952556,9133352,229001,3590,4861,3133,0
旅游,3090668948,91078,768,0,28,251,0
旅游,2186597287,312119,6977,99,313,4720,0
旅游,3387022935,334667,7184,114,337,5176,1
旅游,3423139547,151741,3357,23,39,22268,0
旅游,3593215204,298009,9078,122,344,782,0
旅游,1425143126,139266,1706,52,161,102,0
旅游,1794948886,66731,451,3,32,825,0
旅游,2080538674,105759,2090,96,258,7779,1
旅游,2979587868,80762,699,5,25,1184,0
旅游,1486636460,244887,1497,15,103,4904,1
旅游,1001002075148,83074,450,2,16,36,0
旅游,1649887445,67207,480,1,9,48113,0
旅游,2924001240,8495117,179910,2223,1528,2578,0
旅游,1738643038,6195100,82913,231,448,644,0
旅游,3028614331,37633076,311866,4005,6120,4816,0
旅游,1612940685,286963,4003,102,70,81,1
旅游,1001004316763,1161797,11262,77,108,71,0
旅游,1758819347,3390904,28201,111,455,2107,0
旅游,838765207,1150191,17780,273,854,5770,5
旅游,1349056160,1830227,15833,37,170,167,0
旅游,2976709514,105600,925,3,20,430,0
旅游,3065878541,15918075,653111,18992,18186,3500,0
旅游,2697587010,2115840,34407,159,287,566,0
旅游,3444546090,681950,9538,109,203,72,0
旅游,1001000113751,393809,10208,214,470,5474,0
旅游,1001002148848,192700,2822,13,63,68,0
旅游,1934368327,63130,755,4,16,21,0
旅游,1001003047829,908313,10782,172,225,109,0
旅游,1001002980938,12101757,127967,430,776,958,0
旅游,926152531,479226,9354,98,155,73,0
旅游,1932989903,439397,7678,156,308,603,0
旅游,1791594708,90178,794,12,15,1183,0
旅游,2103976772,861682,11667,78,117,1884,1
旅游,1024233269,307665,4052,85,118,890,0
旅游,2692198651,145618,7905,110,186,57180,0
旅游,3341819149,95235,2047,84,192,1616,0
旅游,1745764828,118939,770,0,11,26,0
旅游,1732816828,197873,1987,4,161,95,0
旅游,3091123586,1396627,10291,54,117,12681,0
旅游,2432565460,1866484,19616,82,280,1155,0
旅游,3301494317,66607,602,24,57,0,0
旅游,2538335520,6857279,75289,1588,1860,7990,3
旅游,642131794,1291197,12272,211,309,128,0
旅游,2146385559,698469,6161,22,113,221,0
旅游,2960674274,2388236,59338,693,1001,5533,3
旅游,1001001764374,475263,10317,83,118,96,0
旅游,2494224314,361693,5000,98,208,467,1
旅游,2435971090,272417,7530,49,492,203,0
旅游,1001002373608,1340975,32292,1415,2917,619,4
旅游,1001002673881,3601619,27635,69,298,760,0
旅游,2163182212,1209452,17831,189,362,333,0
旅游,1550563698,128822,1374,18,26,107,0
旅游,1916927571,85290,1766,121,256,745,1
旅游,1001002982011,111558,1265,19,24,54,0
旅游,1474465990,280731,2718,26,114,16964,1
旅游,1651229740,3455812,97616,833,953,821,0
旅游,939642667,1861233,13502,42,136,641,0
旅游,1001002817577,145448,2584,12,53,17,0
旅游,2218892430,2527669,99388,1389,1578,18382,6
旅游,2715132741,78409,626,14,64,2377,0
旅游,2923835507,280899,5961,47,129,10394,1
旅游,3461736983,350346,5313,10,57,63,0
旅游,1789638438,149022,2330,57,95,3554,0
旅游,1001002782871,114354,1050,4,13,17,0
旅游,878005757,5521627,53197,909,919,1236,0
旅游,1720473675,1574719,22172,399,282,104,0
旅游,3202442706,617561,7617,119,437,18997,0
旅游,1001002988503,343635,3722,25,44,24,0
旅游,1778960140,790881,7608,41,80,83,0
旅游,1205563124,551233,5160,197,1234,1869,0
旅游,1001002934132,312238,5831,44,95,24,0
旅游,1850746405,609974,5693,21,79,193,0
旅游,1001001444062,91577,2335,104,187,37,0
旅游,1137256237,926762,12775,64,174,91,0
旅游,1828598052,1299601,38264,1699,2809,538,0
旅游,3238833983,80255,970,7,33,2260,0
旅游,1001002938032,19507878,344895,8855,7931,2287,0
旅游,2483699929,252794,2337,18,44,16119,0
旅游,2946270026,669373,5192,29,63,17848,0
旅游,1001005273540,259128,1912,26,24,15,0
旅游,1755271846,10238048,104954,577,1008,3787,0
旅游,1583474910,317183,3418,30,198,5752,1
旅游,1702909835,371761,3081,15,371,177,0
旅游,1507018164,411521,3570,49,84,46,0
旅游,1511950937,1178674,14274,80,128,5667,0
旅游,2051880157,4155043,44450,185,248,5836,48
旅游,2708602668,5482646,88885,894,1244,635,1
旅游,3370780850,94411,610,0,31,193,5
旅游,1503004735,229467,1842,11,35,864,0
旅游,1001005272603,17298549,119797,1314,1858,1014,0
旅游,1530581156,158463,1036,104,135,3102,0
旅游,1919004853,212864,3777,58,256,139,0
旅游,3208135748,95958,980,8,16,264,0
旅游,3418434840,1088048,2922,18,138,380,0
旅游,918709780,115777,1442,27,58,5291,0
旅游,1738554899,122449,937,6,23,763,0
旅游,1795682862,606463,11410,121,153,1130,0
旅游,1797637006,84910,639,3,18,700,0
旅游,3276394201,1284237,15742,48,153,1168,0
旅游,438014184,391005,3485,28,114,7459,0
旅游,2687078716,5388071,60169,922,1314,458,0
旅游,1352741634,72484,2472,135,190,12753,0
旅游,2295405534,546760,13705,72,191,122,0
旅游,2724130440,236309,2131,37,57,311,0
旅游,2847268164,828302,14245,11,47,755,0
旅游,1001002806426,136434,2148,113,71,58,1
旅游,2064109906,321401,4365,6,22,882,0
旅游,3501306858,5039433,59549,542,654,5324,2
旅游,1940261443,404577,10999,120,243,334,0
旅游,2095129305,168669,2142,11,77,379,0
旅游,1502979914,172365,2619,7,22,248,0
旅游,1584265244,4468762,40237,584,3855,24820,0
旅游,3212295523,726783,7601,27,76,5361,0
旅游,1001001167955,62394,613,3,15,192,0
旅游,1001005688676,150552,881,7,34,18,0
旅游,1748631372,1531066,16351,73,320,142,0
旅游,1219471541,917226,15325,332,304,14913,0
旅游,1991871960,190843,6303,246,507,130,1
旅游,3387525356,72797,1328,53,92,10108,1
旅游,351126419,2320801,28335,91,164,4568,0
旅游,2075733524,139517,6262,109,146,15921,1
旅游,3180658692,8686558,143072,3287,8361,1345,0
旅游,1001003213413,1038574,35936,789,951,304,0
旅游,1789707378,7655461,181629,1691,2012,1786,0
旅游,2382519092,94183,1798,50,109,55,0
旅游,2953908355,3457225,214073,3530,4677,6181,0
旅游,1907995581,537470,16564,194,308,3599,0
旅游,3479663693,130837,1538,10,43,25,0
旅游,1001003012704,927155,8417,45,153,76,0
旅游,1001003512834,398706,2966,17,40,27,0
旅游,1739564733,592117,12640,331,1058,3100,0
旅游,2919917280,122092,770,2,17,10767,1
旅游,2323296942,307637,5629,202,424,52,0
旅游,1001000385841,91062,597,5,25,462,0
旅游,1927536592,175252,1265,3,44,4576,2
旅游,1001003964727,297226,4209,72,59,42,0
旅游,1473093391,161082,2003,53,286,156189,0
旅游,178336817,683959,11137,32,78,127,0
旅游,1438160392,901782,8871,50,326,1292,0
旅游,3124544231,2957063,89960,1611,2173,0,0
旅游,1001005507287,1372750,29146,1249,1863,184,0
旅游,1486542988,351902,3982,11,20,35895,0
旅游,1844592679,76422,501,7,26,241,0
旅游,2539084404,198605,2547,44,95,92,0
旅游,1755391629,3228299,33054,781,1299,3266,1
旅游,1637987518,120159,3185,34,38,315,1
旅游,1754816885,157405,2376,8,33,342,0
旅游,3514491960,127722,2609,52,182,670,0
旅游,1497526618,210593,4186,113,100,216,0
旅游,1001000113340,244123,5546,143,250,514,0
旅游,1001003213071,1243904,24898,249,303,280,0
旅游,1107252893,108232,983,4,21,32,0
旅游,3425405217,976380,6951,77,253,171,0
旅游,3600393475,2306078,66502,1285,2461,7620,1
旅游,1001002783236,153896,2962,116,212,31,0
旅游,1916906818,178110,4362,136,354,3334,0
旅游,3367624901,592459,6914,96,189,2047,0
旅游,1001003121124,3088052,57213,716,1040,317,0
旅游,1628830550,1113012,9871,67,154,159,1
旅游,1785726668,723524,10422,209,483,277973,0
旅游,1808944603,1107605,27054,499,834,276,0
旅游,1802184142,150302,1507,4,78,540,0
旅游,3509297951,740002,8343,6,40,6909,0
旅游,1092108934,166502,884,1,55,76,0
旅游,1565141291,2834809,39420,498,702,1142,0
旅游,1001003019423,5193460,78769,345,674,551,0
旅游,1459630668,135290,1784,26,145,6215,30
旅游,1747762202,26703292,282985,6480,6183,2627,0
旅游,3463933454,1513476,11150,22,61,17497,1
旅游,3526262406,2866337,11071,302,425,7911,0
旅游,1969964801,1456791,28022,606,436,6969,1
旅游,3532473868,136564,1143,20,122,145,0
旅游,1001004228909,218015,3011,26,46,41,0
旅游,2771836259,302669,10785,320,1365,2859,1
旅游,3089423808,87090,2684,30,266,6698,0
旅游,1779670573,1689179,17064,73,111,221,0
旅游,1795647645,912482,13593,163,289,99,0
旅游,1525033549,1410622,11908,29,141,419,0
旅游,1746873969,109713,1240,28,63,57,0
旅游,2077508466,443446,4583,40,100,18721,0
旅游,1001003873173,18594179,147099,1372,2609,1547,0
旅游,228407041,99774,983,1,8,16,0
旅游,1541612237,1918877,57156,635,744,1131,6
旅游,2122053473,996900,25576,299,373,7131,0
旅游,1001001626002,342629,5382,153,353,68,0
旅游,1001002058507,6781259,86267,426,1188,53932,267
旅游,1217549753,1145252,9357,61,170,164,1
旅游,1806147988,6851110,196180,4505,7532,1552,0
旅游,2367282145,422797,6408,25,366,16747,0
旅游,860235538,187655,2953,20,29,5018,2
旅游,2454117457,83893,702,5,8,9376,30
旅游,1001000080210,101984,1326,34,122,27,0
旅游,1738792248,82159,661,9,31,2497,0
旅游,2178864630,410045,6954,67,148,1996,1
旅游,2777633556,84225,4156,115,239,495,0
旅游,1298925310,177738,2075,25,87,73,0
旅游,2220580837,64798,1163,46,38,2294,2
旅游,3447710065,13478616,163271,1748,1851,17147,1
旅游,1001004294366,83046,605,1,20,25,0
旅游,1920356247,5688295,59124,355,465,3025,0
旅游,3596688755,62264,399,0,27,110,0
旅游,774390491,1920099,14028,226,596,992,0
旅游,2080497353,65604,444,1,7,4477,0
旅游,1001000286940,74012,539,3,13,1497,0
旅游,1001002024272,714895,5852,24,298,1645,0
旅游,1001002932454,2589835,34516,68,159,3399,0
旅游,1001004229429,11148071,174472,745,947,1304,0
旅游,1543661496,82776,349,0,20,306,0
旅游,2658903623,404537,4075,23,40,22471,0
旅游,1690171141,70004,2149,8,140,614,0
旅游,2893194340,1263529,25683,471,673,2711,0
旅游,1001000099570,94609,1149,30,93,759,1
旅游,3497671837,354001,1826,12,43,1451,0
旅游,1001002595500,110298,1527,59,43,21,0
旅游,3468660147,87471,651,10,4,907,0
旅游,3598163821,311704,14997,117,329,36171,2
旅游,1578365711,381460,7801,143,344,158,1
旅游,1736554993,69405,574,7,16,988,0
旅游,1001002943891,608386,4897,24,114,104,0
旅游,1001005664630,72840,585,12,16,7,0
旅游,1182680882,209844,5347,142,546,0,1
旅游,1001003755313,469292,11362,178,286,115,2
旅游,1762708851,166358,2304,32,77,23,0
旅游,1692084587,225637,2453,17,33,186,0
旅游,1934931391,1014798,24554,294,801,387,0
旅游,1001003981609,270235,3783,75,320,20,0
旅游,1773661192,4440616,32330,111,696,340,0
旅游,1574278562,654698,7589,61,77,3876,0
旅游,1533562803,3995860,81367,840,999,21982,5
旅游,1001001818261,3903921,104201,1214,1108,756,0
旅游,1001002615723,168667,4181,16,43,352,0
旅游,1001003184991,9841509,136021,1427,1107,856,0
旅游,1001000100904,2778061,73243,756,905,976,0
旅游,1211744353,1397243,12094,33,203,605,0
旅游,3284651752,1443590,19741,208,182,32882,0
旅游,3590246516,94740,1750,21,34,5901,1
旅游,1722586980,2991864,47577,1050,1759,230,0
旅游,1001004102852,2834909,18239,88,153,154,0
旅游,2125411357,562394,13438,391,845,17464555,2065
旅游,1797550689,1919642,17433,106,253,149,0
旅游,1001002812938,460297,1719,9,103,84,0
旅游,1001000027571,382623,1648,3,50,77,0
旅游,2170749728,71821,1616,31,40,856,0
旅游,3379632217,1614000,40027,244,280,1578,2
旅游,1001002733593,585826,6286,37,67,44,0
旅游,2997923706,118216,2627,36,177,540,0
旅游,405247862,421533,21659,273,339,408838,3
旅游,2382087520,9871349,164247,5268,3475,2517,0
旅游,1499721711,100598,581,3,12,186,0
旅游,1782611769,1680773,20154,124,149,194,0
旅游,3360820837,4481110,54101,462,658,454,0
旅游,1720516266,521005,2630,5,23,31,0
旅游,1001002983980,7033282,47188,110,433,1786,0
旅游,2537975519,465687,2749,9,32,118,0
旅游,1001001721107,826733,8418,37,127,4135,0
旅游,1754961647,65446,317,13,26,5943,0
旅游,2737839220,71969,1127,14,11,4808,38
旅游,942014360,196703,1520,3,5,6250,0
旅游,3387692927,74334,895,8,25,5324,34
旅游,1001000288026,978684,19627,268,841,735,0
旅游,2818790892,12144405,251844,4048,6460,13050,0
旅游,1001003191652,1139304,10858,46,183,4473,0
旅游,2290149638,81312,462,3,9,244,0
旅游,3285942935,151674,1136,1,14,1589,0
旅游,1716620243,140559,4365,50,121,25,0
旅游,2904833083,1247732,9358,25,71,6193,3
旅游,3512342763,4552835,41323,636,2590,2623,2
旅游,528458447,397202,5150,64,106,67,0
旅游,1572494146,199011,3391,56,138,69,0
旅游,2627881415,72591,390,5,13,59,0
旅游,3261652065,1004033,7520,16,121,151,0
旅游,3137048715,106968,794,4,20,1707,4
旅游,2660276963,4111297,85831,5918,5005,468,1
旅游,1001001987266,705411,8495,5,30,132,0
旅游,3577844138,94284,2210,45,356,785,0
旅游,1001002870889,326890,4463,67,75,1153,0
旅游,1806077608,3389741,56562,230,668,1181,0
旅游,3458636782,1289451,14676,214,837,143,0
旅游,1001002897010,142976,1687,10,23,674,0
旅游,1001004143164,1929259,20289,211,566,122,0
旅游,1769618310,3677148,40753,172,298,461,0
旅游,3446379741,13926887,136409,1887,3060,5381,2
旅游,1556566540,13422718,125987,3720,15204,1326,0
旅游,2129780453,5798574,85388,164,419,4560,0
旅游,3265346268,572480,3922,8,40,1086,0
旅游,1175237362,181881,5972,71,251,77,3
旅游,2098794663,490951,3082,9,47,72,0
旅游,1225751246,85828,501,3,9,143,0
旅游,3589156349,467048,5740,66,158,14640,2
旅游,2729360489,806976,18865,387,750,5407,1
旅游,1001003146141,667632,9799,298,472,703,1
旅游,2459986314,524634,15020,317,802,245,0
旅游,3597056660,155013,1229,33,187,940,0
旅游,1039054873,758972,17117,150,216,3460,2
旅游,1527813954,1780169,38595,803,1394,691,0
旅游,2334776951,256631,2159,42,66,63,0
旅游,1794756255,192860,1959,0,14,30,0
旅游,1738528515,583136,3184,14,65,1933,0
旅游,1001004020628,96619,2440,55,232,224,0
旅游,1253724640,269013,3399,13,69,5813,2
旅游,2493516702,4648474,121369,1383,1492,2543,0
旅游,2971844893,64623,552,2,30,331,0
旅游,1746743066,1344031,16664,38,166,983,0
旅游,702308692,173643,1618,49,152,198,0
旅游,992878586,12751235,180804,2669,3183,13867,0
旅游,1511213460,540805,9006,58,131,7633,2
旅游,2148884329,93266,435,1,24,56050,0
旅游,2409118923,73378,827,16,91,88,0
旅游,2292358284,593850,6256,72,169,8360,0
旅游,2422637715,213525,1618,12,23,4169,3
旅游,1251173510,545399,6480,149,151,321,0
旅游,2428985088,2773153,18486,45,143,3863,0
旅游,1733528721,75718,520,4,15,9,0
旅游,1750259068,193500,1656,27,58,67,0
旅游,2116755663,123596,1976,44,101,1610,0
旅游,1625327180,324529,2731,14,97,4148,1
旅游,1001000836126,351122,2771,13,187,1332,0
旅游,164614830,1231640,9500,79,211,356,0
旅游,1001004278231,211554,7619,1335,779,199,0
旅游,1572337878,155580,698,22,30,55,0
旅游,2373157224,624200,3954,10,73,15067,0
旅游,2167906852,2488685,34034,174,335,28653,0
旅游,2855263378,126214,908,21,80,135,0
旅游,3129387512,1053166,7844,63,95,1597,0
旅游,1001004205967,5417590,79187,814,746,623,0
旅游,1547528926,1057919,10972,12,47,163,0
旅游,2926914255,78377,958,13,16,635,0
旅游,2955967382,86699,1149,22,37,260,1
旅游,1001001040074,2347664,23212,174,266,1075,0
旅游,1001002742629,8243110,136321,3859,7749,960,0
旅游,1001004074941,3855849,47511,103,183,287,0
旅游,3523162756,239448,522,2,95,25125,0
旅游,1001000846406,72045,233,6,25,185,0
旅游,1001001823103,1381377,3774,96,590,0,0
旅游,1528033440,53253,242,34,55,0,0
旅游,2394474335,74032,26,0,10,0,0
旅游,1001001271845,41886,86,4,24,0,0
旅游,1352270745,33188,27,0,18,0,0
旅游,3496926772,30425,134,1,86,190512,0
旅游,1779776096,37182,71,2,31,0,0
旅游,3249184362,68119,346,7,55,9407,0
旅游,3509895945,30562,150,9,71,0,0
旅游,1517962981,58327,211,1,48,6110,0
旅游,1551585138,46197,224,3,65,0,0
旅游,2995609376,65340,91,0,54,0,0
旅游,1643972410,39255,32,0,20,0,0
旅游,1501049840,140170,339,11,287,0,0
旅游,1001000846594,314385,1169,10,107,0,0
旅游,2170655340,90373,681,5,33,0,0
旅游,2430456082,131680,279,1,140,0,0
旅游,3338664187,75723,377,4,338,0,0
旅游,3337036739,172575,341,3,348,0,0
旅游,1525894470,26195,39,3,20,0,0
旅游,1545695945,40736,219,2,64,16080,0
旅游,1729564207,352311,900,31,130,0,0
旅游,2123857619,30019,29,2,6,0,2
旅游,1846825847,48334,190,0,19,0,0
旅游,1504982511,157375,553,0,78,0,1
旅游,3522260753,36245,73,1,11,0,0
旅游,2462871409,101515,456,13,68,0,0
旅游,2476586872,27596,82,2,11,0,0
旅游,898802624,30129,152,2,38,0,0
旅游,211671635,73086,93,0,118,0,0
旅游,3030483552,53425,221,3,134,0,0
旅游,3217910939,29985,68,0,24,0,35
旅游,1001001043433,201598,769,15,75,0,0
旅游,1570065348,49431,96,0,76,0,0
旅游,2665387339,516159,1719,60,414,0,0
旅游,1001000037192,36001,61,0,43,0,0
旅游,1678266754,166695,102,14,66,0,0
旅游,1001001726769,2350624,8425,89,856,0,0
旅游,3326136035,41930,35,1,30,0,0
旅游,1001000031829,226627,951,29,186,0,0
旅游,481067728,58484,81,2,157,0,0
旅游,1508987050,34233,29,2,22,0,0
旅游,3271433695,95708,279,3,124,0,0
旅游,1503978399,34763,35,0,8,0,0
旅游,1001001042962,71834,282,8,34,0,0
旅游,1653224934,297355,2503,34,691,0,0
旅游,3297524368,81662,104,3,101,0,0
旅游,706909247,34948,63,1,24,0,0
旅游,1547605732,159185,507,6,187,897,0
旅游,2494734148,128238,291,3,43,0,15
旅游,1516937699,95961,146,3,49,0,0
旅游,2847446572,55981,336,8,225,0,0
旅游,1001000221434,142962,251,2,17,0,3
旅游,1700851241,41080,244,0,17,7210,1
旅游,3093467948,28409,119,2,45,0,0
旅游,3243622119,29702,82,3,27,0,0
旅游,3504723361,28604,47,0,27,0,0
旅游,230684332,55628,68,1,57,0,0
旅游,1486541859,64805,72,4,66,0,0
旅游,3079567064,62273,164,7,39,0,3
旅游,1001003213323,54208,156,1,35,0,0
旅游,3134826188,36578,168,8,24,0,0
旅游,1521952982,414108,726,1,78,0,0
旅游,1535557007,189238,261,2,592,0,0
旅游,1565272145,46168,110,2,7,0,0
旅游,1773797081,84942,123,1,54,0,0
旅游,1923343282,59734,176,7,25,0,0
旅游,2248240371,50983,170,3,41,0,0
旅游,1486551289,41020,77,1,6,944,0
旅游,1712087302,31990,41,4,32,0,0
旅游,2212856833,71668,268,6,93,0,0
旅游,2845749109,48578,45,2,39,0,0
旅游,1001000448280,87373,378,9,35,644,0
旅游,1512991778,68121,123,0,37,0,0
旅游,3303649083,40592,115,0,33,0,0
旅游,3470208944,1011365,2623,6,347,0,0
旅游,1740747796,58077,729,16,51,0,0
旅游,3043190188,47760,47,5,63,0,0
旅游,1001000448386,226637,931,17,85,0,0
旅游,1001000846177,98141,291,10,31,0,0
旅游,1001001275323,49112,158,6,42,0,0
旅游,1510845229,93513,158,1,112,0,0
旅游,1550526406,178002,141,0,178,0,0
旅游,1612129064,36117,62,0,34,0,0
旅游,431381531,91371,235,2,14,0,0
旅游,3316151287,98158,148,4,97,0,0
旅游,2642501534,797124,1561,38,2337,0,0
旅游,3432624833,44912,71,1,40,0,2
旅游,615896269,1829299,4859,6,463,0,2
旅游,2188357039,143242,390,1,120,0,2
旅游,3495870957,95320,373,7,68,215117,1
旅游,1228475910,52841,899,20,223,0,0
旅游,1489559197,123291,150,2,73,610,0
旅游,1778768708,27576,19,3,24,0,0
旅游,2778990490,149043,680,12,127,0,0
旅游,1531528156,528292,763,1,104,0,0
旅游,2040429867,32373,183,6,33,0,0
旅游,2045754898,114683,137,4,46,0,0
旅游,2095255874,33461,17,0,11,0,0
旅游,2788951279,45117,190,10,66,0,0
旅游,3387428628,58638,47,3,76,0,0
旅游,1001000845025,144167,393,13,53,404,0
旅游,1494641134,58481,170,1,112,0,0
旅游,3192296275,50790,164,4,38,0,0
旅游,1001000037447,32243,111,2,49,0,0
旅游,2646807601,41913,221,0,63,59636,0
旅游,3495533182,175651,940,26,600,0,0
旅游,1695803943,250314,494,19,397,0,0
旅游,3385107010,119072,301,0,46,0,0
旅游,1001001043174,35419,116,1,14,0,0
旅游,1001001049483,64757,228,8,28,0,0
旅游,1918954225,232825,1072,21,151,0,0
旅游,1542597054,28676,48,1,35,0,0
旅游,2191009366,171780,201,0,10,11851,1
旅游,3428741823,115218,704,43,223,0,0
旅游,1490524405,87765,135,2,62,0,0
旅游,3441282155,190079,177,1,147,0,0
旅游,2012196821,34401,155,0,22,0,0
旅游,3499894848,28307,374,9,69,0,0
旅游,1001000321133,35343,99,0,6,0,0
旅游,1617055401,213291,491,4,97,0,0
旅游,2033465351,26211,133,1,38,0,0
旅游,1516954733,30527,27,2,13,0,0
旅游,3468898642,40923,168,1,49,0,0
旅游,1001001965836,28877,69,0,6,0,2
旅游,1165665537,195185,560,4,95,0,1
旅游,1494712651,310347,617,2,75,0,1
旅游,1562731241,29435,11,1,4,0,0
旅游,1639891497,37238,132,1,64,0,0
旅游,732099301,65753,428,6,122,0,1
旅游,1501017165,34332,25,0,13,0,0
旅游,3496203686,45006,122,1,18,0,0
旅游,1001000029184,31737,211,5,111,5671,1
旅游,1001000321279,711754,3043,29,449,0,0
旅游,3190834786,1763449,4340,30,419,0,1
旅游,1807747979,35896,102,4,20,0,0
旅游,1779038629,36514,151,1,25,0,1
旅游,3125169613,64545,92,1,99,0,1
旅游,1824329431,43090,225,7,225,0,0
旅游,3375310732,161965,683,13,364,100160,0
旅游,526963012,29169,113,1,26,0,0
旅游,2125683244,639585,1563,3,307,0,1
旅游,1518922869,35121,88,3,30,0,0
旅游,3450402547,28294,251,8,45,0,0
旅游,2412769517,53562,270,10,338,0,0
旅游,1651240751,93405,407,0,47,0,0
旅游,1001001726340,428750,1129,27,160,0,0
旅游,3287234935,141162,256,2,164,0,0
旅游,1322711913,136995,122,9,115,0,0
旅游,3286721973,35142,258,6,226,0,0
旅游,1001001538253,26354,195,14,13,0,0
旅游,2219236995,28917,34,0,18,0,0
旅游,2393681779,95176,90,7,67,0,1
旅游,2754796837,214871,290,2,80,0,0
旅游,1571279607,100551,318,4,166,0,0
旅游,3406601758,35554,55,1,6,0,0
旅游,3416818279,32308,36,1,43,0,0
旅游,1504063531,34544,117,4,68,0,0
旅游,1722454630,61096,238,0,75,0,0
旅游,2531554601,75561,131,0,79,0,0
旅游,1001000450566,44674,227,2,37,260,0
旅游,1511987661,43135,141,3,23,0,0
旅游,1921871169,39152,182,1,60,6705,0
旅游,1412263450,36631,176,2,25,21142,0
旅游,2797673126,75995,186,8,132,0,33
旅游,3387022935,57269,266,8,116,0,1
旅游,3423139547,63261,163,1,45,9048,0
旅游,1001000235109,42630,449,14,43,0,0
旅游,3428972633,377260,821,2,106,0,4
旅游,1587229852,702088,1803,21,1023,0,0
旅游,1811323050,33070,129,2,120,0,0
旅游,2460735793,106920,407,28,303,3240,0
旅游,2120443143,350471,1005,12,724,0,0
旅游,2762161474,165526,1146,21,218,0,0
旅游,3419957714,60044,330,1,120,0,1
旅游,1508823208,133788,233,0,31,0,0
旅游,3297821360,42409,158,2,51,680,0
旅游,3365759626,38954,351,3,127,0,0
旅游,1001000037191,66673,81,3,56,0,0
旅游,1522971293,34053,57,0,110,0,0
旅游,1641766980,38409,61,0,29,0,0
旅游,3481260024,33834,263,6,61,0,1
旅游,838765207,66021,917,26,200,0,5
旅游,1505871197,40954,53,0,31,0,0
旅游,1508960031,30289,132,4,85,0,0
旅游,1539536537,520731,1271,8,193,0,0
旅游,3313292821,220388,758,24,184,0,0
旅游,3220826521,220813,1721,15,190,0,0
旅游,3346094092,79317,201,0,16,0,0
旅游,3544204346,37170,148,1,14,0,0
旅游,702308783,63329,27,0,19,0,0
旅游,1521048244,62254,226,16,147,3283,0
旅游,2691836719,66971,64,8,39,0,0
旅游,2404383483,43732,27,2,22,0,0
旅游,3314850954,43036,135,3,114,0,0
旅游,862832602,27117,129,4,49,466,0
旅游,1001000448170,57681,230,5,32,364,0
旅游,1055720660,130175,408,8,333,18444,0
旅游,2692198651,28845,174,14,49,9032,0
旅游,2244289993,55989,155,1,81,0,0
旅游,1732816828,53057,355,2,56,100,0
旅游,3365599692,65772,80,4,34,0,0
旅游,488145301,218404,324,2,60,0,0
旅游,1001000448454,31520,75,2,7,5180,0
旅游,2724074015,29874,54,2,9,0,0
旅游,3418547464,491218,556,12,644,0,1
旅游,1620938616,31936,335,14,175,234,0
旅游,1598077448,26680,11,0,17,0,0
旅游,1561154609,104874,145,2,105,1730,0
旅游,3538130073,55942,188,4,68,0,0
旅游,1494772989,45530,186,6,11,0,0
旅游,2164312964,32540,143,10,206,1000,25
旅游,3599976511,132453,269,1,155,0,0
旅游,2582398429,43790,554,3,74,0,0
旅游,1379381627,32385,43,3,18,0,0
旅游,1541619784,26814,85,0,24,0,0
旅游,1514975854,45031,42,0,31,0,0
旅游,1474465990,336745,634,1,105,0,1
旅游,1919796328,160601,748,7,156,0,0
旅游,3342188294,107281,37,4,26,0,0
旅游,1513894741,27269,51,0,30,0,0
旅游,1536629253,107595,94,4,111,0,0
旅游,1549688250,49701,180,2,100,0,0
旅游,1659164917,245260,354,21,166,0,0
旅游,3112181401,31585,157,6,41,0,0
旅游,1294861055,64294,161,4,95,0,0
旅游,1317413608,37574,16,0,14,0,0
旅游,1766874700,68912,177,9,24,0,0
旅游,3389755565,59351,84,3,49,0,0
旅游,3490906047,29157,29,0,13,0,1
旅游,3202442706,46115,181,3,118,0,0
旅游,2685696382,26683,379,3,60,1200,0
旅游,1001000321141,33368,118,5,11,0,0
旅游,1001001042976,65492,175,7,40,0,0
旅游,1001003587497,28519,200,3,14,0,0
旅游,1687855109,33052,74,2,69,100,0
旅游,1001003894082,45045,253,3,37,0,0
旅游,2172189546,32205,29,3,19,0,0
旅游,1369347157,134476,230,6,141,0,0
旅游,3262727600,32379,57,1,18,0,0
旅游,1153675176,115573,631,0,16,4020,0
旅游,2656627300,47141,129,6,42,0,0
旅游,2334374112,596075,2526,7,380,0,0
旅游,1001001274811,27604,112,1,22,0,0
旅游,1001001726716,645683,1793,40,227,3290,0
旅游,1702909835,430081,1179,6,390,0,0
旅游,480194349,545140,443,13,571,0,0
旅游,3477003479,37442,40,2,21,0,0
旅游,1001004138292,143860,447,13,62,0,0
旅游,1513006446,65203,90,2,17,0,0
旅游,1491503544,157082,155,4,121,0,0
旅游,1740704457,34215,173,2,17,0,0
旅游,2530350031,502220,1299,24,152,0,0
旅游,1530581156,33292,86,55,65,3084,0
旅游,1919004853,251450,1170,26,712,0,0
旅游,1001001111921,32359,112,7,11,0,0
旅游,1001001299034,39965,159,1,66,0,0
旅游,1022826645,95491,272,15,44,0,2
旅游,3403226415,64926,115,0,53,0,0
旅游,2176341992,36955,265,7,61,0,1
旅游,2296325311,32329,101,3,17,0,0
旅游,2494976709,46652,171,1,23,0,0
旅游,1001000940697,42574,153,1,30,0,0
旅游,1502940883,60436,83,0,179,0,0
旅游,1001000080662,69893,230,5,15,0,0
旅游,1280687613,34160,189,2,27,0,0
旅游,1001002741335,1861742,10296,58,1109,0,0
旅游,2127803107,47630,162,0,19,0,1
旅游,2543824596,51427,99,2,53,0,0
旅游,1517036076,36920,14,2,10,0,0
旅游,3459001971,27423,117,3,60,0,0
旅游,1601974761,59455,68,2,84,0,0
旅游,1584265244,66781,78,1,29,0,0
旅游,1001001041448,121535,495,10,65,0,0
旅游,1505002688,39129,24,0,30,0,0
旅游,2959553404,102221,151,4,117,0,0
旅游,1665238575,89581,655,6,254,858,0
旅游,3594105694,229041,352,13,166,0,0
旅游,1001001039670,39238,158,8,19,0,0
旅游,2075733524,213168,2343,84,523,171220,1
旅游,2435153564,63235,117,5,50,0,0
旅游,2387678565,32629,74,2,22,0,3
旅游,1484860599,272842,864,1,63,0,0
旅游,1001001919873,116205,186,0,33,0,0
旅游,1753714695,67043,268,13,139,0,0
旅游,1220093409,66783,331,0,16,0,1
旅游,1992400073,30053,273,1,78,67,0
旅游,230581965,29197,382,7,58,215,0
旅游,1836287196,44333,36,1,17,0,0
旅游,2207898831,128064,228,4,87,35249,0
旅游,1535573966,157238,224,3,127,572,0
旅游,1642331840,54987,50,2,90,334206,2
旅游,1927536592,72711,1099,8,55,0,2
旅游,1001000321332,164826,632,16,109,0,0
旅游,1001000321258,92793,287,8,36,0,0
旅游,791702235,49303,367,13,32,0,0
旅游,1473093391,71222,611,21,179,0,0
旅游,178336817,62852,106,0,73,0,0
旅游,1438160392,306579,807,6,193,0,0
旅游,1724514346,70310,203,3,39,0,0
旅游,3505966862,57522,333,14,133,0,0
旅游,485546305,236745,437,1,119,0,0
旅游,1532568022,55685,36,0,41,0,1
旅游,1514945285,378299,518,0,169,0,0
旅游,1542685735,28195,18,1,6,0,0
旅游,1755391629,626242,1560,19,167,0,1
旅游,2874109594,85259,116,4,92,0,0
旅游,1490606033,28314,47,1,14,0,0
旅游,1774239440,35331,43,0,13,0,0
旅游,2428203907,293023,432,2,415,0,0
旅游,3056952046,32348,45,0,14,68799,0
旅游,1576242574,108278,285,0,18,0,2
旅游,3544766614,29773,95,0,21,0,0
旅游,1516001874,37299,57,3,2,0,0
旅游,1628830550,93448,293,0,19,0,1
旅游,1687866770,44175,203,1,45,0,0
旅游,420681853,42780,277,22,66,0,0
旅游,1287267072,57826,132,5,55,0,0
旅游,1637629461,26883,50,4,46,0,0
旅游,2174202698,36045,284,0,89,0,0
旅游,1092108934,155485,671,2,174,0,0
旅游,1497013953,272954,646,11,529,0,0
旅游,1001003818356,85097,484,5,144,1968,2
旅游,359722969,30759,193,2,119,50432,0
旅游,2407376518,30927,108,4,33,0,41
旅游,2421124357,72758,182,3,70,0,0
旅游,3268427176,64794,114,1,32,0,1
旅游,1565060023,158176,644,37,107,0,0
旅游,1619158220,35649,91,1,26,0,0
旅游,2771836259,41606,337,57,193,0,1
旅游,3089423808,31991,259,17,145,0,0
旅游,1001001099166,119815,504,6,34,128,0
旅游,1514919849,75642,46,0,18,0,0
旅游,2947136052,84661,443,12,123,0,2
旅游,3041951869,34368,124,1,38,0,0
旅游,3238978254,93521,805,4,798,0,0
旅游,2663499247,302948,326,23,100,0,0
旅游,1764762115,65706,685,10,81,0,1
旅游,2178418818,77574,151,4,19,0,0
旅游,1312245089,33509,173,1,101,0,0
旅游,2077508466,359587,1835,16,2874,8696,0
旅游,1513975480,516877,2330,24,621,0,0
旅游,2493510775,52507,89,5,27,0,0
旅游,1466824691,32111,30,0,17,0,0
旅游,1508879007,76796,144,0,32,0,0
旅游,2518712559,81613,206,8,108,2596,0
旅游,1537543958,57002,83,1,50,0,0
旅游,2038115764,93070,718,22,664,707,0
旅游,298861375,43148,99,3,139,0,0
旅游,3271362942,39453,34,1,14,0,0
旅游,1975515894,61325,88,0,44,0,0
旅游,2070523409,42600,255,5,110,0,1
旅游,2303480948,27698,12,0,3,0,0
旅游,2644718351,35646,85,1,79,0,0
旅游,1001002599690,31777,280,11,121,0,0
旅游,1490694745,41040,45,1,18,0,0
旅游,1715594417,593506,1305,3,200,0,0
旅游,2128795680,36466,68,0,4,0,2
旅游,3068520384,80146,705,0,652,0,0
旅游,3072400941,57098,22,4,44,0,0
旅游,1503988366,167444,350,2,115,2952,0
旅游,3266958471,48597,228,4,151,93285,0
旅游,3206215172,43593,172,3,25,0,0
旅游,1486657986,41985,73,2,35,0,0
旅游,1537719322,359298,726,0,70,0,0
旅游,1001000845112,49192,223,9,34,222,0
旅游,3214571834,26639,55,1,48,0,0
旅游,3622970954,52831,47,2,14,0,0
旅游,2877087656,63640,87,2,49,0,0
旅游,420881664,795632,2083,58,305,0,0
旅游,1419655279,36288,87,0,43,0,0
旅游,1543661496,268291,766,1,203,425,0
旅游,1749142169,179330,242,0,58,0,35
旅游,2449836841,169373,298,3,147,0,0
旅游,3039631583,31109,42,0,15,0,0
旅游,1515003279,54139,131,0,40,0,0
旅游,3472832173,39419,147,2,50,0,3
旅游,1001000031326,91211,527,7,247,0,1
旅游,1485679421,31043,194,3,175,0,0
旅游,1600966748,64775,69,0,14,0,0
旅游,2080935332,99387,128,0,41,0,40
旅游,3099672160,101057,1515,10,354,0,1
旅游,3598163821,269017,924,45,343,194940,2
旅游,1685921246,30034,43,2,33,0,0
旅游,1961500048,34249,51,2,71,0,0
旅游,2643083711,514797,660,0,84,0,1
旅游,1001000385985,34889,109,4,10,0,0
旅游,3418298423,197567,570,1,25,0,0
旅游,1558690895,267585,529,6,292,22275,0
旅游,2691788514,91471,234,3,71,4553,2
旅游,3463606618,79769,555,25,260,0,0
旅游,3397732485,84677,103,2,53,0,0
旅游,1970996362,55407,77,3,32,0,0
旅游,3378808191,34615,47,2,31,0,0
旅游,1562154729,176041,367,0,22,0,0
旅游,3156854169,39150,28,0,14,0,0
旅游,1001000973529,30945,120,0,34,0,0
旅游,1461048058,54304,70,0,50,0,0
旅游,1497533256,104642,67,2,48,0,0
旅游,1827175661,102016,570,6,35,0,0
旅游,1489542407,254452,302,7,245,0,0
旅游,1001000100904,31734,104,1,16,0,0
旅游,3590246516,34018,130,3,53,1408666,1
旅游,1522821810,61372,54,1,19,0,0
旅游,2125411357,395265,1446,41,437,0,2065
旅游,3539860387,30566,26,2,10,0,0
旅游,766069940,100099,116,2,82,0,0
旅游,2997923706,57927,584,73,105,15004,0
旅游,1519889523,30667,16,0,9,0,0
旅游,3378364362,26507,60,0,7,346983,5
旅游,1538532792,60463,100,0,87,0,0
旅游,1612971550,37546,704,13,44,0,1
旅游,2380752913,78398,87,1,48,0,0
旅游,2961108517,36255,67,1,43,0,0
旅游,3261833668,114664,504,19,133,0,0
旅游,1542597642,33653,445,8,110,101,0
旅游,3252086612,45174,164,3,91,13387,0
旅游,761699541,59092,69,0,6,0,0
旅游,1500288117,272595,2523,52,2634,0,0
旅游,428807003,41636,137,1,106,0,0
旅游,572039758,54053,94,0,6,0,3
旅游,2016414634,170325,275,0,32,0,0
旅游,1001000709808,294593,886,18,107,0,0
旅游,2267338860,63611,181,9,32,0,1
旅游,3080482213,93092,86,4,43,0,0
旅游,1294175475,32577,115,1,14,0,0
旅游,1499448791,32640,266,6,284,0,0
旅游,2737839220,43742,104,1,46,0,38
旅游,3402340588,27956,50,2,17,0,0
旅游,2351316061,381222,650,3,190,15937,0
旅游,1524983081,39108,274,0,94,0,1
旅游,2810248545,77578,270,1,23,0,0
旅游,3029524609,86250,90,2,28,0,0
旅游,1915996108,27846,315,13,31,0,0
旅游,3255107551,38001,38,1,18,0,1
旅游,1761715005,62913,147,1,61,9312,0
旅游,1785672203,62656,1235,20,84,763,0
旅游,3424284380,30583,44,2,6,0,1
旅游,2431413958,34032,177,2,922,0,0
旅游,1447841436,28175,107,6,61,0,0
旅游,1520864705,154555,132,2,78,0,0
旅游,1521817653,189125,316,0,46,0,0
旅游,2780859610,61902,276,14,169,0,0
旅游,1575234183,37600,403,11,101,0,0
旅游,1533454207,44597,223,11,83,0,0
旅游,3022586687,36756,57,0,69,0,2
旅游,1647270848,34434,120,3,11,0,0
旅游,2645384660,76161,234,1,28,0,0
旅游,3274405202,39168,192,4,225,11540,0
旅游,3300701054,34099,59,0,25,0,0
旅游,1738614305,286784,1155,19,138,0,0
旅游,3026665185,608916,2119,10,495,0,0
旅游,3540481185,116962,405,11,275,0,0
旅游,1001002747015,302299,909,12,102,0,0
旅游,3027038767,58347,152,2,198,0,1
旅游,194874526,69340,32,2,15,0,0
旅游,3275581908,31573,214,2,184,0,0
旅游,1490655477,36308,55,3,22,0,0
旅游,1815959366,356981,1031,5,704,0,0
旅游,2371177172,42386,45,1,38,0,0
旅游,1514063938,29713,306,7,38,331,0
旅游,3190165260,28232,19,3,33,0,0
旅游,1001000846844,64469,144,5,33,0,0
旅游,2891391750,53411,132,1,22,0,0
旅游,1001001043567,29621,123,2,32,0,0
旅游,1655360882,578393,1369,3,287,0,0
旅游,2785376268,42288,493,8,186,0,0
旅游,2908535717,1719896,6318,27,526,0,0
旅游,1001000321146,309429,1045,15,126,0,0
旅游,1546706739,114509,963,29,684,0,0
旅游,2151640737,43115,483,21,80,0,1
旅游,1253724640,66630,265,15,81,0,2
旅游,2046827431,643606,1590,14,217,0,0
旅游,3445861248,79508,166,1,88,0,0
旅游,1001000451204,498771,2238,20,216,0,0
旅游,992878586,27759,93,0,8,0,0
旅游,2148884329,322866,555,4,83,52083,0
旅游,1257064177,315996,845,2,120,0,0
旅游,1550531303,100923,328,2,209,0,0
旅游,1561331855,50561,110,1,35,0,0
旅游,2422637715,256362,732,6,134,0,3
旅游,2847924469,38461,344,11,173,0,0
旅游,3241225240,61563,211,1,11,0,0
旅游,1204376840,35768,84,1,31,0,0
旅游,1390437938,98068,355,13,135,0,3
旅游,2679988592,37227,55,2,23,0,1
旅游,3470245612,101849,723,8,60,0,0
旅游,1001003998214,35199,97,0,9,0,0
旅游,1534625483,45793,63,1,30,0,0
旅游,3174437366,70585,296,4,148,383,0
旅游,1762332192,45215,95,7,93,1000,8
旅游,2483118390,342846,529,7,239,0,0
旅游,2769985495,42663,81,3,74,0,0
旅游,3374923775,89022,96,2,80,0,0
旅游,3348198175,43684,77,1,49,0,1
旅游,3073526256,75231,121,1,24,0,0
旅游,1516867723,74426,74,1,94,0,0
旅游,3271505773,27464,315,36,157,3128,0
旅游,1516001874,37299,57,3,2,0,0
旅游,1294861055,64294,161,4,95,0,0
旅游,1510845229,93513,158,1,112,0,0
旅游,1541619784,26814,85,0,24,0,0
旅游,1461048058,54304,70,0,50,0,0
旅游,3418547464,491218,556,12,644,0,1
旅游,3504723361,28604,47,0,27,0,0
旅游,2046827431,643606,1590,14,217,0,0
旅游,2080935332,99387,128,0,41,0,40
旅游,1732816828,53057,355,2,56,0,0
旅游,3365759626,38954,351,3,127,0,0
旅游,1001000100904,31734,104,1,16,0,0
旅游,1774239440,35331,43,0,13,0,0
旅游,2691788514,91471,234,3,71,0,2
旅游,1528033440,53253,242,34,55,0,0
旅游,1257064177,315996,845,2,120,0,0
旅游,1508960031,30289,132,4,85,0,0
旅游,3043190188,47760,47,5,63,0,0
旅游,1466824691,32111,30,0,17,0,0
旅游,572039758,54053,94,0,6,0,3
旅游,1919004853,251450,1170,26,712,0,0
旅游,1001000080662,69893,230,5,15,0,0
旅游,1001001538253,26354,195,14,13,0,0
旅游,1551585138,46197,224,3,65,0,0
旅游,1494641134,58481,170,1,112,0,0
旅游,1515003279,54139,131,0,40,0,0
旅游,3056952046,32348,45,0,14,0,0
旅游,1508823208,133788,233,0,31,0,0
旅游,2070523409,42600,255,5,110,0,1
旅游,2394474335,74032,26,0,10,0,0
旅游,1001000940697,42574,153,1,30,0,0
旅游,1513975480,516877,2330,24,621,0,0
旅游,1587229852,702088,1803,21,1023,0,0
旅游,2151640737,43115,483,21,80,0,1
旅游,1542597054,28676,48,1,35,0,0
旅游,1740747796,58077,729,16,51,0,0
旅游,1001000846177,98141,291,10,31,0,0
旅游,1322711913,136995,122,9,115,0,0
旅游,2877087656,63640,87,2,49,0,0
旅游,1001001043174,35419,116,1,14,0,0
旅游,1489542407,254452,302,7,245,0,0
旅游,1001000709808,294593,886,18,107,0,0
旅游,1500288117,272595,2523,52,2634,0,0
旅游,1685921246,30034,43,2,33,0,0
旅游,1827175661,102016,570,6,35,0,0
旅游,2908535717,1719896,6318,27,526,0,0
旅游,1001001823103,1381377,3774,96,590,0,0
旅游,526963012,29169,113,1,26,0,0
旅游,1165665537,195185,560,4,95,0,1
旅游,2016414634,170325,275,0,32,0,0
旅游,1204376840,35768,84,1,31,0,0
旅游,1504063531,34544,117,4,68,0,0
旅游,1807747979,35896,102,4,20,0,0
旅游,1001000845112,49192,223,9,34,0,0
旅游,1542685735,28195,18,1,6,0,0
旅游,428807003,41636,137,1,106,0,0
旅游,1001002599690,31777,280,11,121,0,0
旅游,1628830550,93448,293,0,19,0,1
旅游,1001000448454,31520,75,2,7,0,0
旅游,1516954733,30527,27,2,13,0,0
旅游,1550526406,178002,141,0,178,0,0
旅游,2125411357,395265,1446,41,437,0,2065
旅游,3297821360,42409,158,2,51,0,0
旅游,3522260753,36245,73,1,11,0,0
旅游,1001000235109,42630,449,14,43,0,0
旅游,1702909835,430081,1179,6,390,0,0
旅游,3314850954,43036,135,3,114,0,0
旅游,1001003818356,85097,484,5,144,0,2
旅游,1562154729,176041,367,0,22,0,0
旅游,1641766980,38409,61,0,29,0,0
旅游,2685696382,26683,379,3,60,0,0
旅游,1490694745,41040,45,1,18,0,0
旅游,898802624,30129,152,2,38,0,0
旅游,1220093409,66783,331,0,16,0,1
旅游,1001001042976,65492,175,7,40,0,0
旅游,3027038767,58347,152,2,198,0,1
旅游,1001003894082,45045,253,3,37,0,0
旅游,2038115764,93070,718,22,664,0,0
旅游,2460735793,106920,407,28,303,0,0
旅游,3490906047,29157,29,0,13,0,1
旅游,1497013953,272954,646,11,529,0,0
旅游,1503978399,34763,35,0,8,0,0
旅游,2493510775,52507,89,5,27,0,0
旅游,3174437366,70585,296,4,148,0,0
旅游,1001000037447,32243,111,2,49,0,0
旅游,1001004138292,143860,447,13,62,0,0
旅游,1729564207,352311,900,31,130,0,0
旅游,2422637715,256362,732,6,134,0,3
旅游,3406601758,35554,55,1,6,0,0
旅游,1486657986,41985,73,2,35,0,0
旅游,2267338860,63611,181,9,32,0,1
旅游,3080482213,93092,86,4,43,0,0
旅游,1001000451204,498771,2238,20,216,0,0
旅游,1001001299034,39965,159,1,66,0,0
旅游,1762332192,45215,95,7,93,0,8
旅游,1824329431,43090,225,7,225,0,0
旅游,2643083711,514797,660,0,84,0,1
旅游,1504982511,157375,553,0,78,0,1
旅游,2642501534,797124,1561,38,2337,0,0
旅游,3477003479,37442,40,2,21,0,0
旅游,1494772989,45530,186,6,11,0,0
旅游,2075733524,213168,2343,84,523,0,1
旅游,2120443143,350471,1005,12,724,0,0
旅游,2407376518,30927,108,4,33,0,41
旅游,2959553404,102221,151,4,117,0,0
旅游,1565272145,46168,110,2,7,0,0
旅游,1001000973529,30945,120,0,34,0,0
旅游,431381531,91371,235,2,14,0,0
旅游,1503988366,167444,350,2,115,0,0
旅游,2724074015,29874,54,2,9,0,0
旅游,1815959366,356981,1031,5,704,0,0
旅游,1001001043433,201598,769,15,75,0,0
旅游,2531554601,75561,131,0,79,0,0
旅游,1773797081,84942,123,1,54,0,0
旅游,3416818279,32308,36,1,43,0,0
旅游,1379381627,32385,43,3,18,0,0
旅游,1533454207,44597,223,11,83,0,0
旅游,1546706739,114509,963,29,684,0,0
旅游,3022586687,36756,57,0,69,0,2
旅游,2797673126,75995,186,8,132,0,33
旅游,2393681779,95176,90,7,67,0,1
旅游,481067728,58484,81,2,157,0,0
旅游,1846825847,48334,190,0,19,0,0
旅游,3539860387,30566,26,2,10,0,0
旅游,1521817653,189125,316,0,46,0,0
旅游,1561154609,104874,145,2,105,0,0
旅游,1537719322,359298,726,0,70,0,0
旅游,1779038629,36514,151,1,25,0,1
旅游,1001000321146,309429,1045,15,126,0,0
旅游,1761715005,62913,147,1,61,0,0
旅游,2645384660,76161,234,1,28,0,0
旅游,1923343282,59734,176,7,25,0,0
旅游,2127803107,47630,162,0,19,0,1
旅游,2762161474,165526,1146,21,218,0,0
旅游,1001003213323,54208,156,1,35,0,0
旅游,2170655340,90373,681,5,33,0,0
旅游,3544766614,29773,95,0,21,0,0
旅游,359722969,30759,193,2,119,0,0
旅游,1508879007,76796,144,0,32,0,0
旅游,1514975854,45031,42,0,31,0,0
旅游,2191009366,171780,201,0,10,0,1
旅游,1001001726769,2350624,8425,89,856,0,0
旅游,992878586,27759,93,0,8,0,0
旅游,1473093391,71222,611,21,179,0,0
旅游,1001000448170,57681,230,5,32,0,0
旅游,1501017165,34332,25,0,13,0,0
旅游,2771836259,41606,337,57,193,0,1
旅游,3423139547,63261,163,1,45,0,0
旅游,3387428628,58638,47,3,76,0,0
旅游,3598163821,269017,924,45,343,0,2
旅游,1001000031829,226627,951,29,186,0,0
旅游,1511987661,43135,141,3,23,0,0
旅游,1539536537,520731,1271,8,193,0,0
旅游,1001000321332,164826,632,16,109,0,0
旅游,1530581156,33292,86,55,65,0,0
旅游,1001002747015,302299,909,12,102,0,0
旅游,1438160392,306579,807,6,193,0,0
旅游,2785376268,42288,493,8,186,0,0
旅游,3342188294,107281,37,4,26,0,0
旅游,3419957714,60044,330,1,120,0,1
旅游,3262727600,32379,57,1,18,0,0
旅游,3378364362,26507,60,0,7,0,5
旅游,3039631583,31109,42,0,15,0,0
旅游,3099672160,101057,1515,10,354,0,1
旅游,3459001971,27423,117,3,60,0,0
旅游,3544204346,37170,148,1,14,0,0
旅游,1722454630,61096,238,0,75,0,0
旅游,1001000845025,144167,393,13,53,0,0
旅游,1505871197,40954,53,0,31,0,0
旅游,2582398429,43790,554,3,74,0,0
旅游,1001000321258,92793,287,8,36,0,0
旅游,1992400073,30053,273,1,78,0,0
旅游,1001003587497,28519,200,3,14,0,0
旅游,2125683244,639585,1563,3,307,0,1
旅游,3463606618,79769,555,25,260,0,0
旅游,1514919849,75642,46,0,18,0,0
旅游,3073526256,75231,121,1,24,0,0
旅游,2543824596,51427,99,2,53,0,0
旅游,3026665185,608916,2119,10,495,0,0
旅游,2891391750,53411,132,1,22,0,0
旅游,3252086612,45174,164,3,91,0,0
旅游,488145301,218404,324,2,60,0,0
旅游,3271362942,39453,34,1,14,0,0
旅游,1001001039670,39238,158,8,19,0,0
旅游,1001001041448,121535,495,10,65,0,0
旅游,761699541,59092,69,0,6,0,0
旅游,3286721973,35142,258,6,226,0,0
旅游,766069940,100099,116,2,82,0,0
旅游,791702235,49303,367,13,32,0,0
旅游,3093467948,28409,119,2,45,0,0
旅游,3387022935,57269,266,8,116,0,1
旅游,2431413958,34032,177,2,922,0,0
旅游,3192296275,50790,164,4,38,0,0
旅游,2430456082,131680,279,1,140,0,0
旅游,1001000321279,711754,3043,29,449,0,0
旅游,1001000448386,226637,931,17,85,0,0
旅游,1549688250,49701,180,2,100,0,0
旅游,1558690895,267585,529,6,292,0,0
旅游,3072400941,57098,22,4,44,0,0
旅游,1055720660,130175,408,8,333,0,0
旅游,2665387339,516159,1719,60,414,0,0
旅游,1598077448,26680,11,0,17,0,0
旅游,3509895945,30562,150,9,71,0,0
旅游,230581965,29197,382,7,58,0,0
旅游,3590246516,34018,130,3,53,0,1
旅游,1280687613,34160,189,2,27,0,0
旅游,1517962981,58327,211,1,48,0,0
旅游,1687855109,33052,74,2,69,0,0
旅游,1647270848,34434,120,3,11,0,0
旅游,1695803943,250314,494,19,397,0,0
旅游,2874109594,85259,116,4,92,0,0
旅游,3268427176,64794,114,1,32,0,1
旅游,3156854169,39150,28,0,14,0,0
旅游,2172189546,32205,29,3,19,0,0
旅游,3375310732,161965,683,13,364,0,0
旅游,1651240751,93405,407,0,47,0,0
旅游,3316151287,98158,148,4,97,0,0
旅游,1562731241,29435,11,1,4,0,0
旅游,1001001965836,28877,69,0,6,0,2
旅游,3424284380,30583,44,2,6,0,1
旅游,3271505773,27464,315,36,157,0,0
旅游,1576242574,108278,285,0,18,0,2
旅游,1001001042962,71834,282,8,34,0,0
旅游,1766874700,68912,177,9,24,0,0
旅游,1642331840,54987,50,2,90,0,2
旅游,732099301,65753,428,6,122,0,1
旅游,2530350031,502220,1299,24,152,0,0
旅游,1001000221434,142962,251,2,17,0,3
旅游,1836287196,44333,36,1,17,0,0
旅游,3266958471,48597,228,4,151,0,0
旅游,1001001111921,32359,112,7,11,0,0
旅游,3275581908,31573,214,2,184,0,0
旅游,3190834786,1763449,4340,30,419,0,1
旅游,1532568022,55685,36,0,41,0,1
旅游,2303480948,27698,12,0,3,0,0
旅游,1811323050,33070,129,2,120,0,0
旅游,3243622119,29702,82,3,27,0,0
旅游,1001000037192,36001,61,0,43,0,0
旅游,230684332,55628,68,1,57,0,0
旅游,3255107551,38001,38,1,18,0,1
旅游,2656627300,47141,129,6,42,0,0
旅游,1522971293,34053,57,0,110,0,0
旅游,1712087302,31990,41,4,32,0,0
旅游,1918954225,232825,1072,21,151,0,0
旅游,1512991778,68121,123,0,37,0,0
旅游,1545695945,40736,219,2,64,0,0
旅游,1001001726340,428750,1129,27,160,0,0
旅游,1535557007,189238,261,2,592,0,0
旅游,2449836841,169373,298,3,147,0,0
旅游,1547605732,159185,507,6,187,0,0
旅游,2412769517,53562,270,10,338,0,0
旅游,3089423808,31991,259,17,145,0,0
旅游,1486551289,41020,77,1,6,0,0
旅游,2737839220,43742,104,1,46,0,38
旅游,3338664187,75723,377,4,338,0,0
旅游,3297524368,81662,104,3,101,0,0
旅游,1961500048,34249,51,2,71,0,0
旅游,2380752913,78398,87,1,48,0,0
旅游,2387678565,32629,74,2,22,0,3
旅游,1228475910,52841,899,20,223,0,0
旅游,1499448791,32640,266,6,284,0,0
旅游,1092108934,155485,671,2,174,0,0
旅游,2212856833,71668,268,6,93,0,0
旅游,2845749109,48578,45,2,39,0,0
旅游,2780859610,61902,276,14,169,0,0
旅游,3450402547,28294,251,8,45,0,0
旅游,2769985495,42663,81,3,74,0,0
旅游,1490655477,36308,55,3,22,0,0
旅游,3220826521,220813,1721,15,190,0,0
旅游,3249184362,68119,346,7,55,0,0
旅游,194874526,69340,32,2,15,0,0
旅游,2334374112,596075,2526,7,380,0,0
旅游,2810248545,77578,270,1,23,0,0
旅游,3326136035,41930,35,1,30,0,0
旅游,1501049840,140170,339,11,287,0,0
旅游,3214571834,26639,55,1,48,0,0
旅游,3495533182,175651,940,26,600,0,0
旅游,3470245612,101849,723,8,60,0,0
旅游,702308783,63329,27,0,19,0,0
旅游,1494712651,310347,617,2,75,0,1
旅游,1521048244,62254,226,16,147,0,0
旅游,1570065348,49431,96,0,76,0,0
旅游,1531528156,528292,763,1,104,0,0
旅游,2176341992,36955,265,7,61,0,1
旅游,1001000846406,72045,233,6,25,0,0
旅游,485546305,236745,437,1,119,0,0
旅游,3348198175,43684,77,1,49,0,1
旅游,2462871409,101515,456,13,68,0,0
旅游,1521952982,414108,726,1,78,0,0
旅游,1740704457,34215,173,2,17,0,0
旅游,1001001919873,116205,186,0,33,0,0
旅游,1390437938,98068,355,13,135,0,3
旅游,3134826188,36578,168,8,24,0,0
旅游,2040429867,32373,183,6,33,0,0
旅游,1497533256,104642,67,2,48,0,0
旅游,3403226415,64926,115,0,53,0,0
旅游,1485679421,31043,194,3,175,0,0
旅游,1715594417,593506,1305,3,200,0,0
旅游,2219236995,28917,34,0,18,0,0
旅游,3599976511,132453,269,1,155,0,0
旅游,1001001043567,29621,123,2,32,0,0
旅游,3125169613,64545,92,1,99,0,1
旅游,3428972633,377260,821,2,106,0,4
旅游,3496203686,45006,122,1,18,0,0
旅游,2997923706,57927,584,73,105,0,0
旅游,3217910939,29985,68,0,24,0,35
旅游,2644718351,35646,85,1,79,0,0
旅游,2788951279,45117,190,10,66,0,0
旅游,1001000846594,314385,1169,10,107,0,0
旅游,1764762115,65706,685,10,81,0,1
旅游,2095255874,33461,17,0,11,0,0
旅游,3495870957,95320,373,7,68,0,1
旅游,3538130073,55942,188,4,68,0,0
旅游,1317413608,37574,16,0,14,0,0
旅游,1474465990,336745,634,1,105,0,1
旅游,1601974761,59455,68,2,84,0,0
旅游,1001000846844,64469,144,5,33,0,0
旅游,2961108517,36255,67,1,43,0,0
旅游,1001001049483,64757,228,8,28,0,0
旅游,615896269,1829299,4859,6,463,0,2
旅游,1287267072,57826,132,5,55,0,0
旅游,3441282155,190079,177,1,147,0,0
旅游,1513894741,27269,51,0,30,0,0
旅游,2178418818,77574,151,4,19,0,0
旅游,1001001271845,41886,86,4,24,0,0
旅游,1620938616,31936,335,14,175,0,0
旅游,1490606033,28314,47,1,14,0,0
旅游,1639891497,37238,132,1,64,0,0
旅游,2947136052,84661,443,12,123,0,2
旅游,1505002688,39129,24,0,30,0,0
旅游,1970996362,55407,77,3,32,0,0
旅游,2351316061,381222,650,3,190,0,0
旅游,1001000385985,34889,109,4,10,0,0
旅游,1612129064,36117,62,0,34,0,0
旅游,1653224934,297355,2503,34,691,0,0
旅游,1921871169,39152,182,1,60,0,0
旅游,3389755565,59351,84,3,49,0,0
旅游,1447841436,28175,107,6,61,0,0
旅游,1665238575,89581,655,6,254,0,0
旅游,1738614305,286784,1155,19,138,0,0
旅游,2847446572,55981,336,8,225,0,0
旅游,1312245089,33509,173,1,101,0,0
旅游,3206215172,43593,172,3,25,0,0
旅游,3470208944,1011365,2623,6,347,0,0
旅游,3030483552,53425,221,3,134,0,0
旅游,2296325311,32329,101,3,17,0,0
旅游,3261833668,114664,504,19,133,0,0
旅游,211671635,73086,93,0,118,0,0
旅游,3472832173,39419,147,2,50,0,3
旅游,1915996108,27846,315,13,31,0,0
旅游,1919796328,160601,748,7,156,0,0
旅游,2679988592,37227,55,2,23,0,1
旅游,1001002741335,1861742,10296,58,1109,0,0
旅游,2435153564,63235,117,5,50,0,0
旅游,3374923775,89022,96,2,80,0,0
旅游,1486541859,64805,72,4,66,0,0
旅游,2646807601,41913,221,0,63,0,0
旅游,3041951869,34368,124,1,38,0,0
旅游,3202442706,46115,181,3,118,0,0
旅游,2421124357,72758,182,3,70,0,0
旅游,3540481185,116962,405,11,275,0,0
旅游,1022826645,95491,272,15,44,0,2
旅游,1491503544,157082,155,4,121,0,0
旅游,1927536592,72711,1099,8,55,0,2
旅游,2248240371,50983,170,3,41,0,0
旅游,3300701054,34099,59,0,25,0,0
旅游,1753714695,67043,268,13,139,0,0
旅游,1001000321141,33368,118,5,11,0,0
旅游,1001000450566,44674,227,2,37,0,0
旅游,1520864705,154555,132,2,78,0,0
旅游,1655360882,578393,1369,3,287,0,0
旅游,2847924469,38461,344,11,173,0,0
旅游,1294175475,32577,115,1,14,0,0
旅游,1749142169,179330,242,0,58,0,35
旅游,2174202698,36045,284,0,89,0,0
旅游,1484860599,272842,864,1,63,0,0
旅游,1612971550,37546,704,13,44,0,1
旅游,1369347157,134476,230,6,141,0,0
旅游,1513006446,65203,90,2,17,0,0
旅游,1678266754,166695,102,14,66,0,0
旅游,1779776096,37182,71,2,31,0,0
旅游,3346094092,79317,201,0,16,0,0
旅游,2754796837,214871,290,2,80,0,0
旅游,3313292821,220388,758,24,184,0,0
旅游,1508987050,34233,29,2,22,0,0
旅游,1538532792,60463,100,0,87,0,0
旅游,1543661496,268291,766,1,203,0,0
旅游,2045754898,114683,137,4,46,0,0
旅游,1001001099166,119815,504,6,34,0,0
旅游,178336817,62852,106,0,73,0,0
旅游,1517036076,36920,14,2,10,0,0
旅游,3402340588,27956,50,2,17,0,0
旅游,3112181401,31585,157,6,41,0,0
旅游,1514063938,29713,306,7,38,0,0
旅游,1489559197,123291,150,2,73,0,0
旅游,1001000448280,87373,378,9,35,0,0
旅游,1617055401,213291,491,4,97,0,0
旅游,3079567064,62273,164,7,39,0,3
旅游,1724514346,70310,203,3,39,0,0
旅游,1565060023,158176,644,37,107,0,0
旅游,3271433695,95708,279,3,124,0,0
旅游,1778768708,27576,19,3,24,0,0
旅游,3418298423,197567,570,1,25,0,0
旅游,706909247,34948,63,1,24,0,0
旅游,3499894848,28307,374,9,69,0,0
旅游,862832602,27117,129,4,49,0,0
旅游,2476586872,27596,82,2,11,0,0
旅游,3432624833,44912,71,1,40,0,2
旅游,1518922869,35121,88,3,30,0,0
旅游,3481260024,33834,263,6,61,0,1
旅游,1001001275323,49112,158,6,42,0,0
旅游,2371177172,42386,45,1,38,0,0
旅游,2494734148,128238,291,3,43,0,15
旅游,420681853,42780,277,22,66,0,0
旅游,2188357039,143242,390,1,120,0,2
旅游,420881664,795632,2083,58,305,0,0
旅游,2123857619,30019,29,2,6,0,2
旅游,1001000031326,91211,527,7,247,0,1
旅游,1524983081,39108,274,0,94,0,1
旅游,1643972410,39255,32,0,20,0,0
旅游,1525894470,26195,39,3,20,0,0
旅游,1412263450,36631,176,2,25,0,0
旅游,2077508466,359587,1835,16,2874,0,0
旅游,3378808191,34615,47,2,31,0,0
旅游,1001000037191,66673,81,3,56,0,0
旅游,3523162756,239448,522,2,95,0,0
旅游,1536629253,107595,94,4,111,0,0
旅游,1975515894,61325,88,0,44,0,0
旅游,2148884329,322866,555,4,83,0,0
旅游,1755391629,626242,1560,19,167,0,1
旅游,3303649083,40592,115,0,33,0,0
旅游,3428741823,115218,704,43,223,0,0
旅游,1575234183,37600,403,11,101,0,0
旅游,2033465351,26211,133,1,38,0,0
旅游,2164312964,32540,143,10,206,0,25
旅游,2207898831,128064,228,4,87,0,0
旅游,3068520384,80146,705,0,652,0,0
旅游,2128795680,36466,68,0,4,0,2
旅游,2428203907,293023,432,2,415,0,0
旅游,3468898642,40923,168,1,49,0,0
旅游,1502940883,60436,83,0,179,0,0
旅游,3397732485,84677,103,2,53,0,0
旅游,3287234935,141162,256,2,164,0,0
旅游,2663499247,302948,326,23,100,0,0
旅游,3241225240,61563,211,1,11,0,0
旅游,3029524609,86250,90,2,28,0,0
旅游,1584265244,66781,78,1,29,0,0
旅游,2692198651,28845,174,14,49,0,0
旅游,2995609376,65340,91,0,54,0,0
旅游,1253724640,66630,265,15,81,0,2
旅游,1571279607,100551,318,4,166,0,0
旅游,2691836719,66971,64,8,39,0,0
旅游,3622970954,52831,47,2,14,0,0
旅游,1516937699,95961,146,3,49,0,0
旅游,2404383483,43732,27,2,22,0,0
旅游,3337036739,172575,341,3,348,0,0
旅游,3594105694,229041,352,13,166,0,0
旅游,1001001274811,27604,112,1,22,0,0
旅游,3274405202,39168,192,4,225,0,0
旅游,298861375,43148,99,3,139,0,0
旅游,1519889523,30667,16,0,9,0,0
旅游,2012196821,34401,155,0,22,0,0
旅游,1687866770,44175,203,1,45,0,0
旅游,1001000029184,31737,211,5,111,0,1
旅游,838765207,66021,917,26,200,0,5
旅游,1534625483,45793,63,1,30,0,0
旅游,1352270745,33188,27,0,18,0,0
旅游,1419655279,36288,87,0,43,0,0
旅游,1522821810,61372,54,1,19,0,0
旅游,1535573966,157238,224,3,127,0,0
旅游,1785672203,62656,1235,20,84,0,0
旅游,1490524405,87765,135,2,62,0,0
旅游,1600966748,64775,69,0,14,0,0
旅游,3445861248,79508,166,1,88,0,0
旅游,1550531303,100923,328,2,209,0,0
旅游,2244289993,55989,155,1,81,0,0
旅游,2483118390,342846,529,7,239,0,0
旅游,1001000321133,35343,99,0,6,0,0
旅游,1516867723,74426,74,1,94,0,0
旅游,1561331855,50561,110,1,35,0,0
旅游,2518712559,81613,206,8,108,0,0
旅游,3190165260,28232,19,3,33,0,0
旅游,3505966862,57522,333,14,133,0,0
旅游,1001001726716,645683,1793,40,227,0,0
旅游,1537543958,57002,83,1,50,0,0
旅游,1542597642,33653,445,8,110,0,0
旅游,1619158220,35649,91,1,26,0,0
旅游,1637629461,26883,50,4,46,0,0
旅游,3238978254,93521,805,4,798,0,0
旅游,2494976709,46652,171,1,23,0,0
旅游,2778990490,149043,680,12,127,0,0
旅游,1514945285,378299,518,0,169,0,0
旅游,1659164917,245260,354,21,166,0,0
旅游,3496926772,30425,134,1,86,0,0
旅游,1153675176,115573,631,0,16,0,0
旅游,1700851241,41080,244,0,17,0,1
旅游,3365599692,65772,80,4,34,0,0
旅游,480194349,545140,443,13,571,0,0
旅游,3385107010,119072,301,0,46,0,0
旅游,1001003998214,35199,97,0,9,0,0